{"packs":[{"can_be_redownloaded":true,"name":{"de_DE":"Ein-Block-Herausforderung","en_GB":"One Block Challenge","en_US":"One Block Challenge","es_ES":"Reto Un Bloque","es_MX":"Reto Un Bloque","fr_CA":"Défi d'Un Bloc","fr_FR":"Défi d'Un Bloc","ja_JP":"ワンブロック・チャレンジ","pl_PL":"Wyzwanie Jednego Bloku","pt_BR":"Desafio de Um Bloco","pt_PT":"Desafio de Um Bloco","ru_RU":"Вызов одного блока","tr_TR":"Bir Blok Challange"},"source_uuid":"62e227bd-52cb-4a73-bd30-99222407e94c","uuid":"35b0c434-917b-4f8c-81d4-83de414f5a8e","version":[1,0,9]}]}
